{
    "version": 1,
    "models": {
        "Genre": {
            "name": "Genre",
            "fields": {
                "id": {
                    "name": "id",
                    "isArray": false,
                    "type": "ID",
                    "isRequired": true,
                    "attributes": []
                },
                "name": {
                    "name": "name",
                    "isArray": false,
                    "type": "String",
                    "isRequired": true,
                    "attributes": []
                },
                "sortOrder": {
                    "name": "sortOrder",
                    "isArray": false,
                    "type": "Int",
                    "isRequired": false,
                    "attributes": []
                },
                "createdAt": {
                    "name": "createdAt",
                    "isArray": false,
                    "type": "AWSDateTime",
                    "isRequired": false,
                    "attributes": []
                },
                "updatedAt": {
                    "name": "updatedAt",
                    "isArray": false,
                    "type": "AWSDateTime",
                    "isRequired": false,
                    "attributes": []
                }
            },
            "syncable": true,
            "pluralName": "Genres",
            "attributes": [
                {
                    "type": "model",
                    "properties": {}
                },
                {
                    "type": "key",
                    "properties": {
                        "fields": [
                            "id"
                        ]
                    }
                },
                {
                    "type": "key",
                    "properties": {
                        "name": "byName",
                        "queryField": "listGenreByName",
                        "fields": [
                            "name"
                        ]
                    }
                },
                {
                    "type": "key",
                    "properties": {
                        "name": "bySortOrder",
                        "queryField": "listGenreBySortOrder",
                        "fields": [
                            "sortOrder"
                        ]
                    }
                },
                {
                    "type": "auth",
                    "properties": {
                        "rules": [
                            {
                                "allow": "public",
                                "provider": "apiKey",
                                "operations": [
                                    "create",
                                    "update",
                                    "delete",
                                    "read"
                                ]
                            }
                        ]
                    }
                }
            ],
            "primaryKeyInfo": {
                "isCustomPrimaryKey": false,
                "primaryKeyFieldName": "id",
                "sortKeyFieldNames": []
            }
        }
    },
    "enums": {},
    "nonModels": {}
}